{"stats":{"minecraft:used":{"alexsmobs:animal_dictionary":1},"minecraft:dropped":{"minecraft:spruce_sapling":1,"rpgsmw:class_choose_orb":1},"minecraft:picked_up":{"rpgsmw:steel_sickle":1,"rpgsmw:class_choose_orb":2,"minecraft:spruce_sapling":1,"rpgsmw:class_remove_orb":1},"minecraft:custom":{"minecraft:jump":41,"minecraft:time_since_rest":9244,"minecraft:leave_game":1,"minecraft:damage_taken":10,"minecraft:crouch_one_cm":151,"minecraft:sprint_one_cm":4164,"minecraft:play_time":9244,"minecraft:time_since_death":9244,"minecraft:walk_one_cm":11160,"minecraft:sneak_time":18,"minecraft:total_world_time":9244,"minecraft:fall_one_cm":753,"minecraft:drop":2,"minecraft:fly_one_cm":7755}},"DataVersion":3465}