{"stats":{"minecraft:killed_by":{"zombies_plus:weak_zombie":1,"born_in_chaos_v1:corpse_fly":1},"minecraft:dropped":{"minecraft:wheat_seeds":4,"minecraft:wheat":1,"minecraft:rotten_flesh":7,"boh:pamela_voorhees":1,"vampiresdelight:black_mushroom":1,"born_in_chaos_v1:corpse_maggot":1,"rpgsmw:class_choose_orb":1,"minecraft:spruce_sapling":1},"minecraft:mined":{"boh:voodoo_doll":4,"minecraft:crafting_table":1,"vampirism:dark_spruce_log":3,"vampirism:vampire_orchid":1,"minecraft:spruce_leaves":1,"vampirism:hunter_table":1,"minecraft:blue_bed":2,"minecraft:large_fern":1,"minecraft:sweet_berry_bush":17,"minecraft:iron_ore":1,"minecraft:wheat":1,"minecraft:spruce_log":2,"boh:pamela_voorhees":1,"minecraft:grass":1,"vampiresdelight:black_mushroom":1,"minecraft:oak_leaves":5},"minecraft:custom":{"minecraft:mob_kills":10,"minecraft:interact_with_crafting_table":6,"vampirism:interact_with_research_table":4,"minecraft:open_barrel":2,"minecraft:leave_game":2,"minecraft:time_since_death":16285,"minecraft:damage_resisted":30,"minecraft:time_since_rest":16304,"minecraft:sprint_one_cm":71647,"minecraft:damage_taken":768,"minecraft:walk_one_cm":81202,"minecraft:drop":10,"vampirism:skills_unlocked":1,"minecraft:damage_dealt":2831,"minecraft:swim_one_cm":2768,"minecraft:talked_to_villager":2,"minecraft:fly_one_cm":68088,"minecraft:open_chest":6,"minecraft:crouch_one_cm":165,"minecraft:play_time":28968,"minecraft:deaths":2,"minecraft:sneak_time":231,"minecraft:walk_under_water_one_cm":1066,"minecraft:jump":408,"minecraft:walk_on_water_one_cm":282,"minecraft:total_world_time":28968,"vampirism:interact_with_injection_chair":7,"minecraft:fall_one_cm":7583},"minecraft:used":{"minecraft:water_bucket":1,"minecraft:iron_sword":56,"minecraft:blue_bed":1,"rpgsmw:steel_sickle":30,"minecraft:dirt":19,"minecraft:crafting_table":1,"born_in_chaos_v1:corpse_maggot":1,"minecraft:apple":3,"minecraft:iron_axe":4,"minecraft:iron_pickaxe":10,"minecraft:item_frame":1,"minecraft:sweet_berries":46,"minecraft:bucket":2,"alexsmobs:animal_dictionary":1,"vampirism:vampire_orchid":1},"minecraft:picked_up":{"born_in_chaos_v1:corpse_maggot":4,"minecraft:crafting_table":1,"minecraft:wheat":1,"born_in_chaos_v1:monster_flesh":3,"vampirism:dark_spruce_log":3,"minecraft:blue_bed":2,"minecraft:dirt":69,"born_in_chaos_v1:monster_skin":3,"minecraft:item_frame":1,"minecraft:wheat_seeds":4,"minecraft:bucket":1,"minecraft:spruce_planks":16,"minecraft:iron_ingot":1,"boh:pamela_voorhees":2,"vampiresdelight:black_mushroom":1,"minecraft:stick":2,"minecraft:raw_iron":1,"minecraft:sweet_berries":57,"rpgsmw:steel_sickle":3,"boh:voodoo_doll":4,"minecraft:spruce_sapling":1,"vampirism:vampire_fang":1,"minecraft:spruce_log":2,"rpgsmw:class_choose_orb":2,"vampirism:hunter_table":1,"minecraft:rotten_flesh":7,"rpgsmw:class_remove_orb":1,"vampirism:vampire_orchid":1},"minecraft:killed":{"boh:souichi":2,"crittersandcompanions:leaf_insect":1,"boh:jason_mask":1,"born_in_chaos_v1:zombie_bruiser":1,"born_in_chaos_v1:maggot":2,"born_in_chaos_v1:dread_hound":1,"boh:jason_voorhees":1,"zombies_plus:bow_zombie":1},"minecraft:crafted":{"minecraft:crafting_table":1,"minecraft:spruce_planks":8,"vampirism:dark_spruce_planks":12,"minecraft:iron_axe":1,"minecraft:stick":4,"minecraft:iron_pickaxe":1}},"DataVersion":3465}