{"stats":{"minecraft:used":{"minecraft:grass_block":1,"minecraft:chest":1,"minecraft:wooden_pickaxe":14,"minecraft:blue_bed":1,"minecraft:stone_axe":53,"minecraft:spyglass":4,"minecraft:crafting_table":1,"rpgsmw:stone_battle_axe":23},"minecraft:dropped":{"rpgsmw:class_choose_orb":1,"rpgsmw:class_remove_orb":1,"minecraft:grass_block":1,"minecraft:spruce_sapling":1,"rpgsmw:steel_sickle":1},"minecraft:picked_up":{"minecraft:stick":15,"born_in_chaos_v1:monster_flesh":2,"minecraft:spruce_sapling":16,"minecraft:spruce_log":49,"minecraft:blue_bed":1,"alexsmobs:animal_dictionary":1,"rpgsmw:class_choose_orb":1,"born_in_chaos_v1:monster_skin":1,"born_in_chaos_v1:gnawed_bones":1,"vampirism:vampire_orchid":4,"minecraft:mutton":2,"minecraft:white_wool":1,"minecraft:cobblestone":14},"minecraft:killed":{"vampirism:vampire":1,"born_in_chaos_v1:dread_hound":3,"zombies_plus:leaper_zombie":2,"vampirism:converted_sheep":1,"vampirism:converted_cow":2},"minecraft:mined":{"minecraft:spruce_log":49,"vampirism:vampire_orchid":4,"minecraft:cobblestone":14,"minecraft:spruce_leaves":17,"minecraft:blue_bed":1},"minecraft:killed_by":{"zombies_plus:weak_zombie":1},"minecraft:custom":{"minecraft:time_since_rest":12500,"minecraft:waystone_activated":1,"minecraft:sprint_one_cm":68771,"minecraft:damage_taken":240,"minecraft:walk_one_cm":84647,"minecraft:mob_kills":9,"minecraft:drop":5,"minecraft:damage_dealt":1479,"minecraft:interact_with_crafting_table":6,"minecraft:fly_one_cm":118220,"minecraft:open_barrel":7,"minecraft:open_chest":15,"minecraft:crouch_one_cm":733,"minecraft:play_time":48626,"minecraft:deaths":1,"minecraft:sneak_time":380,"minecraft:jump":365,"minecraft:leave_game":3,"minecraft:time_since_death":46383,"minecraft:sleep_in_bed":2,"minecraft:total_world_time":48626,"minecraft:fall_one_cm":1314},"minecraft:crafted":{"minecraft:crafting_table":1,"minecraft:spruce_planks":28,"minecraft:stick":8,"minecraft:wooden_pickaxe":1,"minecraft:stone_sword":1,"minecraft:chest":1,"minecraft:stone_axe":1}},"DataVersion":3465}