{"stats":{"minecraft:used":{"minecraft:stone_sword":8,"minecraft:spruce_planks":37,"minecraft:chest":1,"minecraft:wooden_pickaxe":14,"minecraft:blue_bed":1,"minecraft:oak_leaves":2,"minecraft:spyglass":6,"minecraft:crafting_table":1,"minecraft:spruce_fence":1,"boh:kindness_flower":1,"minecraft:grass_block":1,"minecraft:bread":3,"minecraft:stone_axe":54,"rpgsmw:stone_battle_axe":54},"minecraft:dropped":{"rpgsmw:class_remove_orb":1,"minecraft:grass_block":1,"rpgsmw:steel_sickle":1,"rpgsmw:class_choose_orb":1,"minecraft:spruce_sapling":1},"minecraft:picked_up":{"born_in_chaos_v1:corpse_maggot":9,"born_in_chaos_v1:monster_flesh":2,"minecraft:leather":2,"minecraft:blue_bed":1,"minecraft:dirt":4,"born_in_chaos_v1:monster_skin":1,"boh:kindness_flower":1,"minecraft:spruce_planks":1,"vampirism:item_garlic":1,"born_in_chaos_v1:gnawed_bones":1,"minecraft:sugar_cane":3,"minecraft:stick":15,"minecraft:spruce_fence":1,"minecraft:spruce_sapling":16,"minecraft:spruce_log":49,"alexsmobs:animal_dictionary":1,"rpgsmw:class_choose_orb":1,"vampirism:vampire_orchid":4,"minecraft:mutton":2,"minecraft:white_wool":1,"minecraft:cobblestone":14},"minecraft:killed":{"vampirism:vampire":1,"born_in_chaos_v1:swarmer":1,"zombies_plus:leaper_zombie":3,"zombies_plus:weak_zombie":1,"vampirism:converted_cow":2,"born_in_chaos_v1:maggot":1,"born_in_chaos_v1:dread_hound":3,"born_in_chaos_v1:corpse_fly":7,"vampirism:converted_sheep":1,"born_in_chaos_v1:door_knight":1},"minecraft:mined":{"minecraft:spruce_planks":1,"boh:kindness_flower":1,"minecraft:grass_block":4,"minecraft:spruce_fence":1,"vampirism:vampire_orchid":4,"minecraft:cobblestone":14,"minecraft:spruce_leaves":17,"minecraft:sugar_cane":1,"minecraft:blue_bed":1,"minecraft:spruce_log":49,"vampirism:garlic":1,"minecraft:dirt":1},"minecraft:killed_by":{"zombies_plus:weak_zombie":1},"minecraft:custom":{"minecraft:mob_kills":22,"minecraft:interact_with_crafting_table":9,"vampirism:interact_with_research_table":2,"minecraft:open_barrel":8,"minecraft:damage_dealt_resisted":146,"minecraft:leave_game":4,"minecraft:time_since_death":80351,"minecraft:sleep_in_bed":2,"minecraft:time_since_rest":46468,"minecraft:waystone_activated":1,"minecraft:sprint_one_cm":122132,"vampirism:amount_bitten":2,"minecraft:damage_taken":479,"minecraft:walk_one_cm":142073,"minecraft:drop":5,"vampirism:skills_unlocked":1,"minecraft:damage_dealt":2802,"minecraft:swim_one_cm":756,"minecraft:fly_one_cm":237000,"minecraft:open_chest":33,"minecraft:crouch_one_cm":1738,"minecraft:play_time":82594,"minecraft:deaths":1,"minecraft:sneak_time":860,"minecraft:walk_under_water_one_cm":5792,"minecraft:jump":605,"minecraft:walk_on_water_one_cm":1960,"minecraft:total_world_time":82594,"vampirism:blood_drunk":1900,"minecraft:fall_one_cm":7929},"minecraft:crafted":{"minecraft:crafting_table":1,"minecraft:spruce_planks":196,"minecraft:wooden_pickaxe":1,"minecraft:stone_axe":1,"minecraft:stick":8,"minecraft:stone_sword":1,"minecraft:chest":1}},"DataVersion":3465}