{"stats":{"minecraft:used":{"minecraft:spyglass":4,"minecraft:crafting_table":1,"minecraft:grass_block":1,"minecraft:wooden_pickaxe":14},"minecraft:dropped":{"minecraft:grass_block":1,"minecraft:spruce_sapling":1},"minecraft:picked_up":{"rpgsmw:class_choose_orb":1,"minecraft:spruce_sapling":3,"minecraft:spruce_log":7,"alexsmobs:animal_dictionary":1,"minecraft:cobblestone":14},"minecraft:mined":{"minecraft:cobblestone":14,"minecraft:spruce_leaves":6,"minecraft:spruce_log":7},"minecraft:killed_by":{"zombies_plus:weak_zombie":1},"minecraft:custom":{"minecraft:open_chest":6,"minecraft:time_since_rest":8353,"minecraft:crouch_one_cm":279,"minecraft:play_time":25448,"minecraft:sprint_one_cm":5584,"minecraft:damage_taken":240,"minecraft:walk_one_cm":25617,"minecraft:deaths":1,"minecraft:sneak_time":140,"minecraft:drop":2,"minecraft:jump":71,"minecraft:damage_dealt":28,"minecraft:leave_game":2,"minecraft:time_since_death":23205,"minecraft:total_world_time":25448,"minecraft:sleep_in_bed":1,"minecraft:interact_with_crafting_table":4,"minecraft:fly_one_cm":21894},"minecraft:crafted":{"minecraft:stone_sword":1,"minecraft:crafting_table":1,"minecraft:spruce_planks":28,"minecraft:stick":8,"minecraft:wooden_pickaxe":1}},"DataVersion":3465}