{"stats":{"minecraft:used":{"minecraft:oak_fence":1,"minecraft:stone_sword":108,"minecraft:chest":3,"minecraft:spruce_planks":153,"minecraft:iron_sword":268,"vampirism:blood_container":5,"minecraft:torch":18,"minecraft:dirt":5,"minecraft:spyglass":8,"vampirism:coffin_white":4,"minecraft:hopper":1,"born_in_chaos_v1:soul_cutlass":63,"minecraft:spruce_fence":27,"rpgsmw:berserk_iron_armor_helmet":1,"boh:kindness_flower":1,"minecraft:iron_axe":27,"minecraft:grass_block":1,"scguns:blunderbuss":37,"vampirism:blood_sieve":1,"minecraft:golden_carrot":1,"minecraft:furnace":2,"rpgsmw:stone_battle_axe":114,"minecraft:cobbled_deepslate":17,"minecraft:enchanted_golden_apple":1,"minecraft:water_bucket":3,"minecraft:cow_spawn_egg":13,"vampirism:altar_inspiration":2,"scguns:gun_bench":1,"minecraft:stone_pickaxe":64,"minecraft:oak_planks":1,"minecraft:cactus":9,"minecraft:spruce_sign":1,"minecraft:wooden_pickaxe":14,"vampirism:human_heart":4,"minecraft:blue_bed":1,"vampirism:blood_grinder":1,"minecraft:oak_leaves":2,"minecraft:white_wool":3,"minecraft:golden_apple":2,"minecraft:sand":9,"minecraft:crafting_table":4,"minecraft:bread":5,"minecraft:iron_pickaxe":91,"scguns:flintlock_pistol":32,"minecraft:deepslate":1,"vampirism:vampire_spawn_egg":7,"rpgsmw:berserk_iron_armor_chestplate":1,"minecraft:stone_axe":83,"minecraft:cobblestone":1,"rpgsmw:iron_battle_axe":79,"minecraft:splash_potion":70},"minecraft:killed":{"born_in_chaos_v1:lifestealer_true_form":1,"born_in_chaos_v1:zombie_clown":2,"vampirism:vampire":1,"born_in_chaos_v1:mr_pumpkin":30,"vampirism:advanced_vampire":1,"zombies_plus:brute_zombie":1,"zombies_plus:runner_zombie":3,"born_in_chaos_v1:restless_spirit":1,"born_in_chaos_v1:seared_spirit":1,"born_in_chaos_v1:sir_the_headless":1,"zombies_plus:weak_zombie":3,"born_in_chaos_v1:siamese_skeletonsright":1,"born_in_chaos_v1:zombie_bruiser":1,"born_in_chaos_v1:maggot":40,"born_in_chaos_v1:pumpkinhead":1,"minecraft:skeleton":1,"scguns:redcoat":1,"scguns:cog_knight":1,"vampirism:task_master_hunter":2,"vampirism:advanced_hunter":1,"vampirism:converted_sheep":1,"boh:celebi":1,"born_in_chaos_v1:felsteed":1,"born_in_chaos_v1:baby_skeleton":2,"zombies_plus:crawler_zombie":2,"minecraft:zombie_villager":2,"born_in_chaos_v1:pumpkin_dunce":2,"born_in_chaos_v1:swarmer":2,"vampirism:villager_angry":3,"zombies_plus:leaper_zombie":13,"vampirism:converted_cow":2,"born_in_chaos_v1:decrepit_skeleton":1,"vampirism:hunter":35,"zombies_plus:crossbow_zombie":1,"born_in_chaos_v1:decaying_zombie":1,"minecraft:zombie":112,"born_in_chaos_v1:dread_hound":3,"born_in_chaos_v1:corpse_fly":11,"born_in_chaos_v1:nightmare_stalker":1,"born_in_chaos_v1:door_knight":3,"minecraft:villager":4,"born_in_chaos_v1:siamese_skeletonsleft":1},"minecraft:mined":{"minecraft:spruce_planks":13,"minecraft:dark_oak_leaves":2,"minecraft:deepslate_diamond_ore":1,"minecraft:grass_block":4,"minecraft:spruce_fence":2,"vampirism:vampire_orchid":4,"minecraft:spruce_leaves":17,"minecraft:furnace":2,"minecraft:iron_ore":14,"minecraft:deepslate_lapis_ore":7,"minecraft:oak_stairs":11,"minecraft:pointed_dripstone":4,"minecraft:deepslate_iron_ore":14,"scguns:deepslate_sulfur_ore":2,"minecraft:stone":3,"minecraft:white_wool":3,"minecraft:oak_slab":5,"minecraft:deepslate_redstone_ore":1,"boh:kindness_flower":1,"vampirism:coffin_white":4,"minecraft:tall_grass":5,"minecraft:copper_ore":23,"minecraft:cobblestone":15,"minecraft:deepslate_gold_ore":5,"minecraft:sugar_cane":1,"minecraft:blue_bed":1,"minecraft:spruce_log":49,"minecraft:grass":14,"vampirism:garlic":1,"scguns:deepslate_anthralite_ore":22,"minecraft:coal_ore":13,"minecraft:gravel":7,"minecraft:dripstone_block":1,"minecraft:dirt":1,"minecraft:cobweb":8,"born_in_chaos_v1:infernal_evil_pumpkin_s":1,"scguns:anthralite_ore":4,"minecraft:deepslate":25,"scguns:sulfur_ore":12},"minecraft:picked_up":{"minecraft:charcoal":3,"minecraft:iron_chestplate":3,"born_in_chaos_v1:seedof_chaos":5,"minecraft:golden_pickaxe":1,"minecraft:leather_leggings":1,"minecraft:oak_stairs":9,"minecraft:shield":1,"minecraft:golden_sword":2,"born_in_chaos_v1:holiday_candy":32,"scguns:raw_anthralite":26,"minecraft:string":9,"minecraft:raw_copper":77,"minecraft:flint_and_steel":1,"born_in_chaos_v1:intoxicating_decoction":3,"born_in_chaos_v1:chocolate_heart":7,"vampirism:obi_belt":1,"minecraft:cobbled_deepslate":25,"minecraft:spruce_planks":13,"minecraft:beef":14,"born_in_chaos_v1:smoldering_infernal_ember":18,"born_in_chaos_v1:gnawed_bones":1,"scguns:ancient_brass":4,"born_in_chaos_v1:stimulating_decoction":1,"minecraft:sugar_cane":3,"minecraft:chest":1,"minecraft:iron_boots":1,"minecraft:furnace":2,"minecraft:stick":15,"minecraft:raw_iron":29,"minecraft:torch":1,"born_in_chaos_v1:flaming_evil_pumpkin":1,"born_in_chaos_v1:pumpkinstaffa":1,"minecraft:spruce_fence":2,"born_in_chaos_v1:coffee_candy":5,"minecraft:porkchop":1,"minecraft:pointed_dripstone":4,"vampirism:vampire_fang":1,"born_in_chaos_v1:nightmare_claw":1,"born_in_chaos_v1:pieceofdarkmetal":9,"minecraft:carrot":2,"minecraft:redstone":5,"minecraft:arrow":2,"minecraft:stone_sword":3,"minecraft:rotten_flesh":153,"tameablebeasts:big_bird_meat":1,"minecraft:mutton":4,"minecraft:white_wool":5,"minecraft:cobblestone":18,"born_in_chaos_v1:fused_bone":2,"vampirism:vampire_blood_bottle":1,"minecraft:leather_chestplate":2,"born_in_chaos_v1:corpse_maggot":38,"minecraft:feather":1,"born_in_chaos_v1:monster_flesh":5,"minecraft:leather":8,"minecraft:flint":1,"minecraft:gunpowder":1,"minecraft:chainmail_chestplate":2,"minecraft:dirt":4,"minecraft:lapis_lazuli":49,"minecraft:blue_bed":1,"scguns:anthralite_nugget":4,"born_in_chaos_v1:monster_skin":4,"minecraft:leather_boots":4,"scguns:powder_and_ball":1,"minecraft:bone":6,"vampirism:human_heart":8,"born_in_chaos_v1:soul_cutlass":1,"boh:kindness_flower":1,"minecraft:wheat_seeds":1,"minecraft:raw_gold":5,"rpgsmw:iron_battle_axe":1,"vampirism:item_garlic":1,"scguns:sulfur_chunk":33,"vampirism:holy_water_bottle_ultimate":1,"born_in_chaos_v1:mint_candy":10,"minecraft:iron_sword":1,"minecraft:oak_slab":10,"born_in_chaos_v1:lifestealer_bone":4,"minecraft:poisonous_potato":1,"born_in_chaos_v1:ethereal_spirit":3,"vampirism:ring":1,"minecraft:spyglass":1,"minecraft:oak_pressure_plate":1,"minecraft:dripstone_block":1,"minecraft:gravel":6,"minecraft:spruce_sapling":16,"minecraft:leather_helmet":3,"minecraft:spruce_log":49,"alexsmobs:animal_dictionary":1,"tameablebeasts:chikote_saddle":1,"rpgsmw:class_choose_orb":1,"vampirism:blood_container":1,"minecraft:diamond":1,"minecraft:chainmail_leggings":3,"minecraft:chainmail_helmet":1,"vampirism:vampire_orchid":4,"minecraft:coal":23,"vampirism:coffin_white":4},"minecraft:broken":{"rpgsmw:stone_battle_axe":1,"minecraft:iron_sword":1},"minecraft:dropped":{"minecraft:dripstone_block":1,"minecraft:deepslate_diamond_ore":1,"minecraft:grass_block":1,"rpgsmw:steel_sickle":1,"rpgsmw:class_choose_orb":1,"rpgsmw:iron_battle_axe":1,"minecraft:spruce_sapling":1,"vampirism:holy_water_bottle_normal":1,"vampirism:holy_water_bottle_ultimate":2,"minecraft:raw_iron":2,"rpgsmw:class_remove_orb":1,"minecraft:chest":1},"minecraft:custom":{"minecraft:mob_kills":321,"minecraft:inspect_hopper":1,"minecraft:interact_with_crafting_table":42,"minecraft:open_barrel":8,"minecraft:damage_dealt_resisted":2600,"minecraft:leave_game":6,"minecraft:time_since_death":82,"minecraft:damage_resisted":126,"minecraft:sprint_one_cm":347785,"vampirism:amount_bitten":173,"minecraft:walk_one_cm":515716,"vampirism:interact_with_totem":4,"vampirism:interact_with_coffin":14,"minecraft:drop":14,"vampirism:action_time_regen":1995,"vampirism:skills_unlocked":11,"minecraft:damage_dealt_absorbed":160,"minecraft:talked_to_villager":3,"vampirism:interact_with_altar_inspiration":34,"minecraft:play_time":299362,"minecraft:deaths":3,"minecraft:sneak_time":12186,"minecraft:walk_under_water_one_cm":8655,"minecraft:jump":2196,"minecraft:walk_on_water_one_cm":14586,"vampirism:interact_with_blood_grinder":8,"minecraft:total_world_time":299362,"vampirism:blood_drunk":44600,"vampirism:altar_of_inspiration_rituals_performed":37,"minecraft:interact_with_furnace":8,"vampirism:interact_with_research_table":2,"minecraft:sleep_in_bed":9,"vampirism:actions_used":5,"minecraft:time_since_rest":133,"vampirism:resurrected":1,"vampirism:action_used_regen":5,"minecraft:waystone_activated":1,"minecraft:damage_taken":99804,"minecraft:damage_absorbed":28,"minecraft:damage_dealt":35815,"minecraft:swim_one_cm":756,"minecraft:fly_one_cm":680411,"minecraft:open_chest":132,"minecraft:crouch_one_cm":14980,"minecraft:fall_one_cm":29799},"minecraft:crafted":{"scguns:grapeshot":40,"minecraft:leather_boots":2,"rpgsmw:berserk_iron_armor_chestplate":1,"born_in_chaos_v1:dark_atrium":1,"sophisticatedbackpacks:smelting_upgrade":1,"scguns:gunpowder_dust":24,"vampirism:altar_inspiration":1,"minecraft:iron_axe":3,"minecraft:chest":2,"rpgsmw:woodenfiber":3,"born_in_chaos_v1:pileof_dark_metal":1,"minecraft:chainmail_leggings":1,"scguns:pebbles":20,"minecraft:crafting_table":1,"minecraft:spruce_planks":196,"minecraft:wooden_pickaxe":1,"rpgsmw:greenfabric":4,"minecraft:iron_sword":1,"born_in_chaos_v1:bone_heart":1,"minecraft:stone_axe":1,"sophisticatedbackpacks:upgrade_base":1,"minecraft:air":0,"rpgsmw:berserk_iron_armor_helmet":1,"minecraft:iron_chestplate":2,"minecraft:leather_chestplate":1,"minecraft:stick":32,"minecraft:iron_ingot":27,"minecraft:iron_pickaxe":1,"vampirism:coffin_white":1,"minecraft:stone_sword":1,"minecraft:green_wool":2,"rpgsmw:iron_battle_axe":1},"minecraft:killed_by":{"born_in_chaos_v1:lifestealer_true_form":1,"zombies_plus:weak_zombie":1,"vampirism:hunter":1}},"DataVersion":3465}