{"stats":{"minecraft:used":{"vampirism:altar_inspiration":2,"minecraft:stone_sword":47,"minecraft:spruce_planks":39,"minecraft:chest":1,"minecraft:wooden_pickaxe":14,"vampirism:blood_container":4,"minecraft:blue_bed":1,"minecraft:oak_leaves":2,"minecraft:torch":16,"minecraft:golden_apple":1,"minecraft:spyglass":6,"minecraft:crafting_table":4,"minecraft:spruce_fence":12,"boh:kindness_flower":1,"minecraft:grass_block":1,"minecraft:bread":5,"minecraft:deepslate":1,"minecraft:stone_axe":55,"minecraft:furnace":1,"rpgsmw:stone_battle_axe":83},"minecraft:dropped":{"rpgsmw:class_remove_orb":1,"minecraft:grass_block":1,"rpgsmw:steel_sickle":1,"rpgsmw:class_choose_orb":1,"minecraft:spruce_sapling":1},"minecraft:picked_up":{"born_in_chaos_v1:corpse_maggot":10,"born_in_chaos_v1:monster_flesh":2,"minecraft:leather":4,"minecraft:blue_bed":1,"minecraft:dirt":4,"born_in_chaos_v1:monster_skin":1,"vampirism:human_heart":2,"boh:kindness_flower":1,"minecraft:spruce_planks":1,"vampirism:item_garlic":1,"minecraft:beef":4,"born_in_chaos_v1:smoldering_infernal_ember":1,"born_in_chaos_v1:gnawed_bones":1,"minecraft:sugar_cane":3,"minecraft:stick":15,"minecraft:oak_pressure_plate":1,"minecraft:spruce_fence":2,"minecraft:spruce_sapling":16,"minecraft:spruce_log":49,"alexsmobs:animal_dictionary":1,"rpgsmw:class_choose_orb":1,"minecraft:stone_sword":2,"vampirism:vampire_orchid":4,"minecraft:mutton":4,"minecraft:white_wool":2,"minecraft:cobblestone":14},"minecraft:killed":{"vampirism:vampire":1,"born_in_chaos_v1:mr_pumpkin":1,"born_in_chaos_v1:swarmer":1,"zombies_plus:leaper_zombie":3,"zombies_plus:weak_zombie":1,"vampirism:converted_cow":2,"born_in_chaos_v1:maggot":4,"vampirism:hunter":5,"zombies_plus:crossbow_zombie":1,"minecraft:zombie":5,"born_in_chaos_v1:dread_hound":3,"born_in_chaos_v1:corpse_fly":7,"vampirism:converted_sheep":1,"born_in_chaos_v1:door_knight":1},"minecraft:mined":{"minecraft:spruce_planks":1,"boh:kindness_flower":1,"minecraft:grass_block":4,"minecraft:spruce_fence":2,"vampirism:vampire_orchid":4,"minecraft:cobblestone":14,"minecraft:spruce_leaves":17,"minecraft:sugar_cane":1,"minecraft:blue_bed":1,"minecraft:spruce_log":49,"minecraft:grass":1,"vampirism:garlic":1,"minecraft:dirt":1},"minecraft:killed_by":{"zombies_plus:weak_zombie":1},"minecraft:custom":{"minecraft:mob_kills":42,"minecraft:interact_with_crafting_table":11,"vampirism:interact_with_research_table":2,"minecraft:open_barrel":8,"minecraft:damage_dealt_resisted":146,"minecraft:leave_game":5,"minecraft:time_since_death":109788,"minecraft:sleep_in_bed":2,"minecraft:time_since_rest":75905,"minecraft:waystone_activated":1,"minecraft:sprint_one_cm":139488,"vampirism:amount_bitten":41,"minecraft:damage_taken":1005,"minecraft:walk_one_cm":200902,"minecraft:drop":5,"vampirism:skills_unlocked":1,"minecraft:damage_dealt":6141,"minecraft:swim_one_cm":756,"minecraft:talked_to_villager":2,"minecraft:fly_one_cm":282567,"minecraft:open_chest":37,"minecraft:crouch_one_cm":2856,"minecraft:play_time":112031,"vampirism:interact_with_altar_inspiration":10,"minecraft:deaths":1,"minecraft:sneak_time":1344,"minecraft:walk_under_water_one_cm":5792,"minecraft:jump":736,"minecraft:walk_on_water_one_cm":2612,"minecraft:total_world_time":112031,"vampirism:blood_drunk":8200,"minecraft:fall_one_cm":8916},"minecraft:crafted":{"minecraft:crafting_table":1,"minecraft:spruce_planks":196,"minecraft:wooden_pickaxe":1,"minecraft:stone_axe":1,"vampirism:altar_inspiration":1,"minecraft:stick":8,"minecraft:stone_sword":1,"minecraft:chest":1}},"DataVersion":3465}