{"stats":{"minecraft:used":{"vampirism:altar_infusion":1,"minecraft:chest":4,"minecraft:iron_sword":268,"vampirism:blood_container":5,"vampirism:coffin_white":6,"scguns:advanced_composter":3,"born_in_chaos_v1:soul_cutlass":364,"rpgsmw:berserk_iron_armor_helmet":1,"boh:kindness_flower":1,"minecraft:obsidian":11,"minecraft:grass_block":1,"born_in_chaos_v1:gnawed_bones":3,"vampirism:blood_sieve":1,"minecraft:stone_bricks":1,"minecraft:furnace":4,"rpgsmw:stone_battle_axe":114,"minecraft:cow_spawn_egg":13,"scguns:gun_bench":2,"minecraft:stone_pickaxe":64,"minecraft:oak_planks":2,"minecraft:cactus":9,"minecraft:wooden_pickaxe":14,"vampirism:human_heart":4,"minecraft:blue_bed":1,"minecraft:oak_leaves":2,"minecraft:white_wool":3,"minecraft:golden_apple":2,"minecraft:sand":9,"minecraft:blast_furnace":1,"minecraft:bread":5,"vampirism:altar_pillar":12,"scguns:flintlock_pistol":99,"minecraft:gravel":2,"vampirism:vampire_spawn_egg":7,"minecraft:deepslate":1,"rpgsmw:iron_battle_axe":104,"minecraft:oak_fence":1,"minecraft:stone_sword":108,"minecraft:flint_and_steel":1,"minecraft:spruce_planks":155,"scguns:powered_macerator":1,"minecraft:torch":18,"minecraft:dirt":12,"minecraft:spyglass":12,"minecraft:anvil":1,"minecraft:wheat":16,"minecraft:hopper":1,"minecraft:spruce_fence":27,"minecraft:iron_hoe":6,"minecraft:iron_axe":47,"scguns:mechanical_press":1,"minecraft:oak_stairs":1,"scguns:lightning_battery":4,"scguns:blunderbuss":129,"minecraft:golden_carrot":1,"minecraft:cobbled_deepslate":18,"minecraft:enchanted_golden_apple":1,"minecraft:water_bucket":8,"scguns:polar_generator":4,"vampirism:altar_inspiration":2,"minecraft:spruce_sign":1,"minecraft:stonecutter":1,"vampirism:blood_grinder":1,"farmersdelight:onion":13,"minecraft:oak_slab":13,"minecraft:crafting_table":5,"minecraft:diamond_pickaxe":28,"minecraft:apple":1,"scguns:lightning_rod_connector":7,"scguns:powered_mechanical_press":1,"minecraft:iron_pickaxe":164,"vampirism:altar_tip":4,"minecraft:stone_axe":83,"rpgsmw:berserk_iron_armor_chestplate":1,"minecraft:cobblestone":7,"minecraft:bucket":5,"minecraft:smooth_stone":2,"minecraft:splash_potion":70},"minecraft:killed":{"born_in_chaos_v1:lifestealer_true_form":1,"zombies_plus:slow_zombie":1,"born_in_chaos_v1:zombie_clown":2,"scguns:swarm":1,"vampirism:vampire":2,"born_in_chaos_v1:mr_pumpkin":30,"minecraft:zombified_piglin":1,"vampirism:advanced_vampire":1,"born_in_chaos_v1:restless_spirit":4,"born_in_chaos_v1:seared_spirit":1,"born_in_chaos_v1:skeleton_demoman":1,"born_in_chaos_v1:sir_the_headless":1,"boh:ghost":1,"born_in_chaos_v1:siamese_skeletonsright":1,"minecraft:skeleton":1,"boh:tamed_rat":1,"scguns:cog_knight":1,"vampirism:task_master_hunter":2,"born_in_chaos_v1:skeleton_thrasher":1,"alexsmobs:straddler":1,"vampirism:advanced_hunter":1,"vampirism:converted_sheep":1,"minecraft:piglin_brute":1,"boh:celebi":5,"minecraft:piglin":1,"minecraft:zombie_villager":3,"born_in_chaos_v1:pumpkin_dunce":3,"minecraft:iron_golem":1,"vampirism:converted_cow":2,"vampirism:hunter":68,"zombies_plus:crossbow_zombie":3,"minecraft:zombie":115,"born_in_chaos_v1:dread_hound":16,"born_in_chaos_v1:corpse_fly":11,"born_in_chaos_v1:door_knight":4,"born_in_chaos_v1:siamese_skeletonsleft":1,"boh:vampire":1,"zombies_plus:brute_zombie":2,"zombies_plus:runner_zombie":5,"zombies_plus:weak_zombie":4,"born_in_chaos_v1:zombie_bruiser":1,"born_in_chaos_v1:maggot":40,"born_in_chaos_v1:pumpkinhead":1,"scguns:redcoat":1,"born_in_chaos_v1:dire_hound_leader":1,"alexsmobs:soul_vulture":4,"minecraft:warden":1,"alexsmobs:rocky_roller":1,"born_in_chaos_v1:mr_pumpkin_controlled":1,"born_in_chaos_v1:felsteed":1,"graveyard:ghoul":2,"zombies_plus:crawler_zombie":2,"born_in_chaos_v1:baby_skeleton":2,"born_in_chaos_v1:swarmer":2,"vampirism:villager_angry":5,"zombies_plus:leaper_zombie":15,"zombies_plus:axe_zombie":3,"born_in_chaos_v1:decrepit_skeleton":2,"born_in_chaos_v1:decaying_zombie":1,"born_in_chaos_v1:nightmare_stalker":1,"scguns:hive":1,"minecraft:villager":5,"scguns:dissident":1},"minecraft:mined":{"minecraft:spruce_planks":15,"minecraft:obsidian":26,"minecraft:grass_block":11,"minecraft:nether_wart":5,"scguns:mechanical_press":1,"minecraft:cobbled_deepslate":1,"minecraft:iron_ore":14,"minecraft:deepslate_lapis_ore":7,"minecraft:sculk_shrieker":1,"minecraft:pointed_dripstone":4,"minecraft:oak_stairs":13,"minecraft:deepslate_redstone_ore":1,"minecraft:cobblestone":18,"minecraft:sugar_cane":1,"minecraft:oak_planks":1,"minecraft:grass":45,"minecraft:oak_log":13,"minecraft:dirt":5,"born_in_chaos_v1:infernal_evil_pumpkin_s":1,"minecraft:oak_leaves":18,"minecraft:deepslate":26,"scguns:sulfur_ore":12,"minecraft:dark_oak_leaves":3,"minecraft:deepslate_diamond_ore":1,"minecraft:spruce_fence":2,"vampirism:vampire_orchid":4,"minecraft:spruce_leaves":17,"born_in_chaos_v1:gnawed_bones":2,"minecraft:furnace":2,"scguns:polar_generator":3,"minecraft:deepslate_iron_ore":14,"scguns:deepslate_sulfur_ore":2,"minecraft:stone":60,"minecraft:white_wool":3,"minecraft:oak_slab":6,"minecraft:glass_pane":1,"boh:kindness_flower":1,"vampirism:coffin_white":5,"minecraft:sculk_sensor":1,"minecraft:copper_ore":23,"minecraft:tall_grass":7,"minecraft:deepslate_gold_ore":5,"minecraft:sculk":4,"scguns:gun_bench":1,"minecraft:blue_bed":1,"minecraft:spruce_log":51,"scguns:lightning_rod_connector":2,"vampirism:garlic":1,"scguns:deepslate_anthralite_ore":22,"minecraft:coal_ore":13,"minecraft:dripstone_block":1,"minecraft:gravel":8,"minecraft:cobweb":8,"minecraft:stone_bricks":1,"scguns:anthralite_ore":4},"minecraft:picked_up":{"minecraft:iron_chestplate":3,"minecraft:wheat":2,"minecraft:oak_stairs":11,"minecraft:golden_sword":3,"born_in_chaos_v1:holiday_candy":32,"scguns:raw_anthralite":26,"minecraft:string":11,"minecraft:raw_copper":77,"vampirism:obi_belt":1,"born_in_chaos_v1:chocolate_heart":7,"minecraft:gold_nugget":1,"minecraft:cobbled_deepslate":27,"minecraft:spruce_planks":15,"born_in_chaos_v1:smoldering_infernal_ember":18,"born_in_chaos_v1:stimulating_decoction":1,"minecraft:iron_boots":1,"minecraft:furnace":2,"minecraft:stick":15,"minecraft:torch":1,"born_in_chaos_v1:flaming_evil_pumpkin":1,"deeperdarker:heart_of_the_deep":1,"minecraft:porkchop":1,"born_in_chaos_v1:coffee_candy":6,"minecraft:pointed_dripstone":5,"vampirism:vampire_fang":1,"born_in_chaos_v1:nightmare_claw":1,"boh:vampire_blood":1,"minecraft:stone_sword":3,"minecraft:rotten_flesh":160,"tameablebeasts:big_bird_meat":1,"minecraft:obsidian":24,"minecraft:cobblestone":78,"scguns:lightning_rod_connector":2,"minecraft:leather_chestplate":2,"minecraft:feather":1,"minecraft:flint":1,"minecraft:tuff":2,"alexsmobs:rocky_shell":1,"minecraft:lapis_lazuli":49,"minecraft:dirt":15,"born_in_chaos_v1:monster_skin":12,"minecraft:leather_boots":4,"minecraft:bone":12,"minecraft:wheat_seeds":15,"minecraft:raw_gold":5,"rpgsmw:iron_battle_axe":1,"vampirism:item_garlic":1,"scguns:sulfur_chunk":33,"minecraft:oak_planks":3,"born_in_chaos_v1:mint_candy":10,"vampirism:ring":1,"minecraft:oak_pressure_plate":1,"minecraft:poisonous_potato":1,"alexsmobs:animal_dictionary":1,"tameablebeasts:chikote_saddle":1,"rpgsmw:class_choose_orb":1,"minecraft:diamond":1,"minecraft:chainmail_helmet":2,"minecraft:charcoal":3,"minecraft:nether_wart":15,"born_in_chaos_v1:seedof_chaos":5,"minecraft:golden_pickaxe":1,"minecraft:leather_leggings":1,"minecraft:shield":1,"minecraft:flint_and_steel":1,"born_in_chaos_v1:intoxicating_decoction":3,"deeperdarker:warden_carapace":1,"minecraft:beef":15,"born_in_chaos_v1:gnawed_bones":4,"scguns:ancient_brass":4,"minecraft:poppy":1,"minecraft:sugar_cane":3,"minecraft:chest":1,"minecraft:raw_iron":29,"minecraft:spruce_fence":2,"born_in_chaos_v1:pumpkinstaffa":1,"born_in_chaos_v1:pieceofdarkmetal":14,"minecraft:carrot":2,"minecraft:redstone":5,"minecraft:arrow":2,"minecraft:mutton":4,"minecraft:white_wool":5,"born_in_chaos_v1:fused_bone":2,"born_in_chaos_v1:corpse_maggot":38,"vampirism:vampire_blood_bottle":1,"born_in_chaos_v1:monster_flesh":21,"minecraft:leather":10,"minecraft:oak_log":12,"minecraft:chainmail_chestplate":3,"boh:ectoplasm":1,"minecraft:gunpowder":1,"minecraft:blue_bed":1,"scguns:anthralite_nugget":4,"scguns:powder_and_ball":1,"vampirism:human_heart":19,"born_in_chaos_v1:soul_cutlass":1,"minecraft:apple":1,"minecraft:stone_bricks":1,"boh:kindness_flower":1,"minecraft:iron_ingot":3,"vampirism:holy_water_bottle_ultimate":1,"scguns:polar_generator":3,"minecraft:iron_sword":1,"minecraft:sculk_catalyst":1,"minecraft:oak_slab":11,"born_in_chaos_v1:lifestealer_bone":4,"born_in_chaos_v1:ethereal_spirit":8,"minecraft:spyglass":1,"minecraft:dripstone_block":1,"minecraft:gravel":7,"minecraft:spruce_sapling":16,"born_in_chaos_v1:fangofthe_hound_leader":3,"minecraft:spruce_log":51,"minecraft:leather_helmet":3,"vampirism:blood_container":1,"minecraft:chainmail_leggings":3,"scguns:gun_bench":1,"born_in_chaos_v1:rotten_infernal_pumpkin":1,"vampirism:vampire_orchid":4,"minecraft:coal":25,"vampirism:coffin_white":5},"minecraft:broken":{"rpgsmw:berserk_iron_armor_helmet":1,"rpgsmw:stone_battle_axe":1,"minecraft:iron_sword":1,"minecraft:chainmail_leggings":1,"minecraft:flint_and_steel":1},"minecraft:dropped":{"minecraft:dirt":4,"rpgsmw:iron_battle_axe":1,"vampirism:holy_water_bottle_normal":1,"rpgsmw:class_remove_orb":1,"minecraft:chainmail_chestplate":1,"minecraft:chest":1,"minecraft:beef":1,"minecraft:wheat_seeds":8,"minecraft:dripstone_block":1,"minecraft:deepslate_diamond_ore":1,"minecraft:grass_block":1,"rpgsmw:steel_sickle":1,"rpgsmw:class_choose_orb":1,"minecraft:string":1,"minecraft:spruce_sapling":1,"vampirism:holy_water_bottle_ultimate":2,"minecraft:raw_iron":2},"minecraft:custom":{"vampirism:interact_with_altar_of_infusion":2,"minecraft:interact_with_crafting_table":78,"minecraft:open_barrel":8,"minecraft:leave_game":6,"minecraft:time_since_death":933,"minecraft:damage_resisted":135,"minecraft:sprint_one_cm":539148,"minecraft:drop":22,"vampirism:interact_with_coffin":17,"vampirism:interact_with_totem":14,"minecraft:talked_to_villager":5,"minecraft:play_time":479362,"minecraft:deaths":11,"minecraft:jump":3472,"minecraft:walk_on_water_one_cm":38569,"vampirism:interact_with_blood_grinder":8,"vampirism:altar_of_inspiration_rituals_performed":37,"minecraft:interact_with_furnace":59,"vampirism:interact_with_research_table":2,"vampirism:action_used_sunscreen":1,"vampirism:action_used_bat":4,"minecraft:sleep_in_bed":14,"vampirism:actions_used":11,"vampirism:altar_of_infusion_rituals_performed":1,"minecraft:waystone_activated":1,"vampirism:action_used_regen":6,"vampirism:tasks_accepted":1,"minecraft:damage_dealt":52531,"minecraft:crouch_one_cm":19495,"minecraft:interact_with_anvil":1,"minecraft:mob_kills":432,"minecraft:inspect_hopper":1,"vampirism:action_time_bat":2979,"minecraft:damage_dealt_resisted":4373,"vampirism:amount_bitten":192,"minecraft:walk_one_cm":773238,"vampirism:action_time_regen":2394,"vampirism:skills_unlocked":45,"vampirism:capture_village":1,"minecraft:damage_dealt_absorbed":240,"vampirism:interact_with_altar_inspiration":34,"minecraft:sneak_time":20177,"minecraft:walk_under_water_one_cm":16146,"minecraft:interact_with_blast_furnace":22,"vampirism:blood_drunk":48100,"minecraft:total_world_time":479362,"vampirism:win_village_capture":2,"vampirism:action_time_sunscreen":799,"minecraft:interact_with_stonecutter":7,"minecraft:time_since_rest":966,"vampirism:resurrected":1,"minecraft:damage_taken":386151,"minecraft:damage_absorbed":28,"minecraft:swim_one_cm":8523,"minecraft:fly_one_cm":1179033,"minecraft:open_chest":254,"vampirism:defend_village":1,"minecraft:fall_one_cm":53512},"minecraft:crafted":{"minecraft:smooth_stone":39,"minecraft:oak_planks":48,"rpgsmw:berserk_iron_armor_chestplate":1,"scguns:grapeshot":40,"minecraft:stone":57,"sophisticatedbackpacks:crafting_upgrade":1,"born_in_chaos_v1:dark_atrium":1,"sophisticatedbackpacks:smelting_upgrade":1,"scguns:gunpowder_dust":24,"minecraft:iron_boots":1,"vampirism:altar_inspiration":1,"minecraft:chest":4,"minecraft:copper_block":2,"scguns:large_casing_mold":1,"rpgsmw:woodenfiber":3,"scguns:powered_mechanical_press":1,"born_in_chaos_v1:pileof_dark_metal":1,"scguns:gun_parts_mold":1,"scguns:gun_grip":1,"scguns:pebbles":20,"scguns:polar_generator":1,"minecraft:crafting_table":4,"scguns:diamond_steel_gun_frame":1,"minecraft:spruce_planks":196,"minecraft:wooden_pickaxe":1,"rpgsmw:greenfabric":4,"minecraft:copper_ingot":9,"sophisticatedbackpacks:upgrade_base":2,"rpgsmw:berserk_iron_armor_helmet":1,"scguns:disc_mold":1,"scguns:treated_iron_ingot":6,"minecraft:iron_chestplate":2,"scguns:lightning_battery":1,"minecraft:diamond_pickaxe":1,"minecraft:charcoal":7,"scguns:blank_mold":5,"minecraft:stick":36,"scguns:heavy_gun_barrel":1,"minecraft:iron_pickaxe":1,"minecraft:iron_ingot":91,"minecraft:leather_chestplate":1,"vampirism:coffin_white":1,"minecraft:iron_block":3,"minecraft:stone_sword":1,"scguns:gun_barrel":1,"vampirism:altar_tip":1,"minecraft:leather_boots":2,"minecraft:iron_nugget":9,"minecraft:furnace":4,"minecraft:blast_furnace":3,"vampirism:altar_infusion":1,"minecraft:iron_axe":3,"minecraft:redstone_block":2,"scguns:diamond_steel_ingot":7,"minecraft:chainmail_leggings":1,"scguns:medium_casing_mold":1,"minecraft:iron_sword":1,"sophisticatedbackpacks:gold_backpack":1,"minecraft:bucket":1,"minecraft:stone_axe":1,"born_in_chaos_v1:bone_heart":1,"minecraft:air":0,"vampirism:altar_pillar":12,"minecraft:stonecutter":1,"minecraft:green_wool":2,"rpgsmw:iron_battle_axe":1},"minecraft:killed_by":{"zombies_plus:weak_zombie":1,"vampirism:hunter":2,"born_in_chaos_v1:lifestealer_true_form":1,"vampirism:advanced_hunter":1,"born_in_chaos_v1:dread_hound":2}},"DataVersion":3465}